<?xml version="1.0" encoding="UTF-8"?>
<siteHaul xmlns:a="http://www.appian.com/ae/types/2009" xmlns:xsi="http://www.w3.org/2001/XMLSchema-instance">
  <versionUuid>d7cf1f57-bf5d-4857-aa34-507b0f1c7f44</versionUuid>
  <site a:uuid="700d0621-bf36-4e48-b2f6-235483739a36" name="user">
    <description>This will only show what a user can see</description>
    <urlStub>user</urlStub>
    <page>
      <staticName>Claim Records</staticName>
      <description/>
      <urlStub>claim-records</urlStub>
      <uiObject a:uuid="bc321edb-5f1f-49af-83f8-2f88fedc85e3" xsi:type="a:RecordType">
        <a:isSystem>false</a:isSystem>
        <a:security>16383</a:security>
        <a:hideLatestNews>false</a:hideLatestNews>
        <a:isExportable>true</a:isExportable>
      </uiObject>
      <iconId>f07b</iconId>
      <visibilityExpr>fn!true()</visibilityExpr>
      <pageWidth>STANDARD</pageWidth>
    </page>
    <visibility>268435456</visibility>
    <headerBackgroundColor/>
    <selectedTabBackgroundColor/>
    <faviconRef a:uuid="SYSTEM_CONTENT_SITES_DEFAULT_FAVICON" xsi:type="a:CollaborationDocument"/>
    <faviconHref/>
    <logoRef a:uuid="SYSTEM_CONTENT_SITES_DEFAULT_LOGO" xsi:type="a:CollaborationDocument"/>
    <logoHref/>
    <headerBackgroundColorExpr/>
    <selectedTabBackgroundColorExpr/>
    <accentColor/>
    <accentColorExpr/>
    <logoExpr/>
    <faviconExpr/>
    <showName>false</showName>
    <tempoLinkVisibility>HIDDEN</tempoLinkVisibility>
    <showRecordNews>false</showRecordNews>
  </site>
  <roleMap/>
  <history>
    <historyInfo versionUuid="d7cf1f57-bf5d-4857-aa34-507b0f1c7f44"/>
  </history>
</siteHaul>
