<?xml version="1.0" encoding="UTF-8" standalone="yes"?>
<dataStoreHaul xmlns:a="http://www.appian.com/ae/types/2009">
    <versionUuid>_a-0000e008-511e-8000-5130-010000010000_154649</versionUuid>
    <dataStore>
        <uuid>_a-0000dfe5-aeef-8000-5130-010000010000_108867</uuid>
        <name>EC_DS_NICH</name>
        <description>This is a data store for application</description>
        <dataSourceKey>jdbc/AppianBusinessDS</dataSourceKey>
        <adaptingExplicitSqlNames>false</adaptingExplicitSqlNames>
        <autoUpdateSchema>true</autoUpdateSchema>
        <entities>
            <entity>
                <uuid>832e446e-5d7a-41ef-9920-6262bb054ebb</uuid>
                <name>application</name>
                <type>{urn:com:appian:types:EC_Application}EC_Application</type>
            </entity>
            <entity>
                <uuid>78bf4f7d-dc3d-4b7e-8626-0eaedac61a52</uuid>
                <name>employee</name>
                <type>{urn:com:appian:types:EC_Employee_Nicholas}EC_Employee_Nicholas</type>
            </entity>
        </entities>
    </dataStore>
    <isPublished>true</isPublished>
    <roleMap>
        <role inherit="false" allowForAll="false" name="administrators">
            <users/>
            <groups/>
        </role>
        <role inherit="false" allowForAll="false" name="authors">
            <users/>
            <groups/>
        </role>
        <role inherit="false" allowForAll="false" name="denyAdministrators">
            <users/>
            <groups/>
        </role>
        <role inherit="false" allowForAll="false" name="denyAuthors">
            <users/>
            <groups/>
        </role>
        <role inherit="false" allowForAll="false" name="denyReaders">
            <users/>
            <groups/>
        </role>
        <role inherit="false" allowForAll="false" name="readers">
            <users/>
            <groups/>
        </role>
    </roleMap>
    <history>
        <historyInfo versionUuid="_a-0000e008-511e-8000-5130-010000010000_154649"/>
    </history>
</dataStoreHaul>
