<?xml version="1.0" encoding="UTF-8" standalone="yes"?>
<applicationHaul xmlns:a="http://www.appian.com/ae/types/2009">
    <versionUuid>_a-0000e008-511e-8000-5130-010000010000_154532</versionUuid>
    <application>
        <name>Expenses Claim Training Nicholas</name>
        <uuid>_a-0000dfe5-aeef-8000-5130-010000010000_108143</uuid>
        <description>This is for training purpose only</description>
        <parentUuid>SYSTEM_APPLICATIONS_ROOT</parentUuid>
        <visibility>
            <advertise>false</advertise>
            <hierarchy>true</hierarchy>
            <indexable>true</indexable>
            <quota>false</quota>
            <searchable>true</searchable>
            <system>false</system>
            <unlogged>false</unlogged>
        </visibility>
        <urlIdentifier>f03RKQ</urlIdentifier>
        <published>true</published>
        <public>false</public>
        <associatedObjects>
            <globalIdMap>
                <item>
                    <type>datatype</type>
                    <uuids>
                        <uuid>{urn:com:appian:types:EC_Application}EC_Application</uuid>
                        <uuid>{urn:com:appian:types:EC_Employee_Nicholas}EC_Employee_Nicholas</uuid>
                    </uuids>
                </item>
                <item>
                    <type>dataStore</type>
                    <uuids>
                        <uuid>_a-0000dfe5-aeef-8000-5130-010000010000_108867</uuid>
                    </uuids>
                </item>
                <item>
                    <type>user</type>
                    <uuids/>
                </item>
                <item>
                    <type>groupType</type>
                    <uuids/>
                </item>
                <item>
                    <type>group</type>
                    <uuids>
                        <uuid>_e-0000dfe5-aee1-8000-512d-010000010000_833</uuid>
                        <uuid>_e-0000dfe5-aee1-8000-512d-010000010000_834</uuid>
                    </uuids>
                </item>
                <item>
                    <type>content</type>
                    <uuids>
                        <uuid>_a-0000dfe5-aeef-8000-5130-010000010000_108323</uuid>
                        <uuid>_a-0000dfe5-aeef-8000-5130-010000010000_108324</uuid>
                        <uuid>_a-0000dfe5-aeef-8000-5130-010000010000_108346</uuid>
                        <uuid>_a-0000dfe5-aeef-8000-5130-010000010000_108440</uuid>
                        <uuid>_a-0000dfe5-aeef-8000-5130-010000010000_108441</uuid>
                        <uuid>_a-0000dfe5-aeef-8000-5130-010000010000_108574</uuid>
                        <uuid>_a-0000dfe5-aeef-8000-5130-010000010000_109497</uuid>
                        <uuid>_a-0000dff4-32f5-8000-5130-010000010000_110193</uuid>
                        <uuid>_a-0000dff4-32f5-8000-5130-010000010000_110268</uuid>
                        <uuid>_a-0000dff4-32f5-8000-5130-010000010000_110540</uuid>
                        <uuid>_a-0000dff4-32f5-8000-5130-010000010000_110541</uuid>
                        <uuid>_a-0000dff4-32f5-8000-5130-010000010000_110780</uuid>
                        <uuid>_a-0000dff4-32f5-8000-5130-010000010000_110790</uuid>
                        <uuid>_a-0000dffe-b805-8000-5130-010000010000_110973</uuid>
                        <uuid>_a-0000dffe-b805-8000-5130-010000010000_111017</uuid>
                        <uuid>_a-0000e008-511e-8000-5130-010000010000_153785</uuid>
                        <uuid>_a-0000e008-511e-8000-5130-010000010000_153797</uuid>
                        <uuid>_a-0000e008-511e-8000-5130-010000010000_154527</uuid>
                    </uuids>
                </item>
                <item>
                    <type>forum</type>
                    <uuids/>
                </item>
                <item>
                    <type>processModelFolder</type>
                    <uuids>
                        <uuid>_g-0000dfe5-aee7-8000-5131-010000010000_482</uuid>
                    </uuids>
                </item>
                <item>
                    <type>processModel</type>
                    <uuids>
                        <uuid>0002dfe7-1c6a-8000-5131-010000010000</uuid>
                        <uuid>0002dff5-5127-8000-5131-010000010000</uuid>
                        <uuid>0002dff5-5d8e-8000-5131-010000010000</uuid>
                        <uuid>0002e008-1368-8000-5131-010000010000</uuid>
                    </uuids>
                </item>
                <item>
                    <type>portlet</type>
                    <uuids/>
                </item>
                <item>
                    <type>page</type>
                    <uuids/>
                </item>
                <item>
                    <type>application</type>
                    <uuids/>
                </item>
                <item>
                    <type>tempoFeed</type>
                    <uuids/>
                </item>
                <item>
                    <type>recordType</type>
                    <uuids>
                        <uuid>bc321edb-5f1f-49af-83f8-2f88fedc85e3</uuid>
                        <uuid>a7092484-d68e-4a3d-b57e-575b9fa93c2d</uuid>
                    </uuids>
                </item>
                <item>
                    <type>tempoReport</type>
                    <uuids/>
                </item>
                <item>
                    <type>taskReport</type>
                    <uuids>
                        <uuid>f461e97b-6095-4c13-b6b8-8bf8f7f289c3</uuid>
                    </uuids>
                </item>
                <item>
                    <type>webApi</type>
                    <uuids>
                        <uuid>760e793c-4dea-49e5-baf2-a61ab81557e7</uuid>
                        <uuid>9235009b-309d-4ae3-ab37-26cca72792f6</uuid>
                        <uuid>7cdd09ba-7874-4e22-a915-3946292aab3e</uuid>
                    </uuids>
                </item>
                <item>
                    <type>site</type>
                    <uuids>
                        <uuid>700d0621-bf36-4e48-b2f6-235483739a36</uuid>
                    </uuids>
                </item>
                <item>
                    <type>adminSetting</type>
                    <uuids/>
                </item>
                <item>
                    <type>thirdPartyCredentials</type>
                    <uuids/>
                </item>
                <item>
                    <type>dataSource</type>
                    <uuids/>
                </item>
                <item>
                    <type>embeddedSailTheme</type>
                    <uuids/>
                </item>
                <item>
                    <type>connectedSystem</type>
                    <uuids/>
                </item>
            </globalIdMap>
        </associatedObjects>
        <applicationNavigation/>
        <applicationActions>
            <action>
                <displayLabel>Submit Expense Report</displayLabel>
                <description></description>
                <processModelUuid>0002dfe7-1c6a-8000-5131-010000010000</processModelUuid>
                <actionUuid>af3337bd-8bad-43ec-aa17-3b2dbc453bde</actionUuid>
            </action>
        </applicationActions>
        <associatedApplications>
            <globalIdMap>
                <item>
                    <type>datatype</type>
                    <uuids/>
                </item>
                <item>
                    <type>dataStore</type>
                    <uuids/>
                </item>
                <item>
                    <type>user</type>
                    <uuids/>
                </item>
                <item>
                    <type>groupType</type>
                    <uuids/>
                </item>
                <item>
                    <type>group</type>
                    <uuids/>
                </item>
                <item>
                    <type>content</type>
                    <uuids/>
                </item>
                <item>
                    <type>forum</type>
                    <uuids/>
                </item>
                <item>
                    <type>processModelFolder</type>
                    <uuids/>
                </item>
                <item>
                    <type>processModel</type>
                    <uuids/>
                </item>
                <item>
                    <type>portlet</type>
                    <uuids/>
                </item>
                <item>
                    <type>page</type>
                    <uuids/>
                </item>
                <item>
                    <type>application</type>
                    <uuids/>
                </item>
                <item>
                    <type>tempoFeed</type>
                    <uuids/>
                </item>
                <item>
                    <type>recordType</type>
                    <uuids/>
                </item>
                <item>
                    <type>tempoReport</type>
                    <uuids/>
                </item>
                <item>
                    <type>taskReport</type>
                    <uuids/>
                </item>
                <item>
                    <type>webApi</type>
                    <uuids/>
                </item>
                <item>
                    <type>site</type>
                    <uuids/>
                </item>
                <item>
                    <type>adminSetting</type>
                    <uuids/>
                </item>
                <item>
                    <type>thirdPartyCredentials</type>
                    <uuids/>
                </item>
                <item>
                    <type>dataSource</type>
                    <uuids/>
                </item>
                <item>
                    <type>embeddedSailTheme</type>
                    <uuids/>
                </item>
                <item>
                    <type>connectedSystem</type>
                    <uuids/>
                </item>
            </globalIdMap>
        </associatedApplications>
    </application>
    <roleMap>
        <contentRoleMap public="true">
            <role inherit="false" allowForAll="false" name="readers">
                <users>
                    <userUuid>652153</userUuid>
                </users>
                <groups/>
            </role>
            <role inherit="false" allowForAll="false" name="authors">
                <users/>
                <groups/>
            </role>
            <role inherit="false" allowForAll="false" name="administrators">
                <users>
                    <userUuid>652152</userUuid>
                </users>
                <groups/>
            </role>
            <role inherit="false" allowForAll="false" name="denyReaders">
                <users/>
                <groups/>
            </role>
            <role inherit="false" allowForAll="false" name="denyAuthors">
                <users/>
                <groups/>
            </role>
            <role inherit="false" allowForAll="false" name="denyAdministrators">
                <users/>
                <groups/>
            </role>
        </contentRoleMap>
    </roleMap>
    <history>
        <historyInfo versionUuid="_a-0000e008-511e-8000-5130-010000010000_154532"/>
    </history>
</applicationHaul>
