<?xml version="1.0" encoding="UTF-8" standalone="yes"?>
<webApiHaul xmlns:a="http://www.appian.com/ae/types/2009">
    <versionUuid>29c2bb87-f2e9-4614-a934-49d524edd35d</versionUuid>
    <webApi a:uuid="9235009b-309d-4ae3-ab37-26cca72792f6" name="add_records_Nicholas">
        <a:description></a:description>
        <a:expression>with(
  local!value: cast(
    'type!{urn:com:appian:types:EC_Application}EC_Application',
    #"SYSTEM_SYSRULES_fromJson"(
      http!request.body
    )
  ),
  if(
    not(
      isnull(
        index(
          local!value,
          "id",
          null
        )
      )
    ),
    #"SYSTEM_SYSRULES_httpResponse"(
      statusCode: 400,
      headers: {
        #"SYSTEM_SYSRULES_httpHeader"(
          name: "Content-Type",
          value: "application/json"
        )
      },
      body: #"SYSTEM_SYSRULES_toJson_v1"(
        {
          error: "The provided Employee data included an id, which is not allowed.  " &amp; "You can only create new employees, not modify ones that already exist."
        }
      )
    ),
    #"SYSTEM_SYSRULES_writeToDataStoreEntity"(
      dataStoreEntity: #"_a-0000dff4-32f5-8000-5130-010000010000_110541",
      valueToStore: local!value,
      onSuccess: #"SYSTEM_SYSRULES_httpResponse"(
        statusCode: 200,
        headers: {
          #"SYSTEM_SYSRULES_httpHeader"(
            name: "Content-Type",
            value: "application/json"
          )
        },
        body: #"SYSTEM_SYSRULES_toJson_v1"(
          fv!storedValues
        )
      ),
      onError: #"SYSTEM_SYSRULES_httpResponse"(
        statusCode: 500,
        headers: {
          #"SYSTEM_SYSRULES_httpHeader"(
            name: "Content-Type",
            value: "application/json"
          )
        },
        body: #"SYSTEM_SYSRULES_toJson_v1"(
          {
            error: "There was an error writing to the data store"
          }
        )
      )
    )
  )
)</a:expression>
        <a:urlAlias>add-records-nicholas</a:urlAlias>
        <a:httpMethod>POST</a:httpMethod>
        <a:system>false</a:system>
    </webApi>
    <roleMap/>
    <typedValue>
        <type>
            <name>WebApiRequest?list</name>
            <namespace>http://www.appian.com/ae/types/2009</namespace>
        </type>
        <value>
            <el>
                <a:path/>
                <a:headers>
                    <a:name>Content-Type</a:name>
                    <a:value>application/json</a:value>
                </a:headers>
                <a:body>{}</a:body>
            </el>
        </value>
    </typedValue>
    <history>
        <historyInfo versionUuid="29c2bb87-f2e9-4614-a934-49d524edd35d"/>
    </history>
</webApiHaul>
