<?xml version="1.0" encoding="UTF-8" standalone="yes"?>
<taskReportHaul xmlns:a="http://www.appian.com/ae/types/2009">
    <versionUuid>c3308672-cde2-46f9-8e6f-4906c6d08ba1</versionUuid>
    <taskReport a:uuid="f461e97b-6095-4c13-b6b8-8bf8f7f289c3" name="My Tasks Nicholas">
        <a:description></a:description>
        <a:uiExpr>#"_a-0000dfe5-aeef-8000-5130-010000010000_108441"()</a:uiExpr>
        <a:urlStub>NkaPKQ</a:urlStub>
    </taskReport>
    <roleMap/>
    <history>
        <historyInfo versionUuid="c3308672-cde2-46f9-8e6f-4906c6d08ba1"/>
    </history>
</taskReportHaul>
