<?xml version="1.0" encoding="UTF-8" standalone="yes"?>
<contentHaul xmlns:a="http://www.appian.com/ae/types/2009">
    <versionUuid>_a-0000e008-511e-8000-5130-010000010000_154661</versionUuid>
    <queryRule>
        <name>userInfo</name>
        <uuid>_a-0000dff4-32f5-8000-5130-010000010000_110780</uuid>
        <description></description>
        <folderUuid>_a-0000dfe5-aeef-8000-5130-010000010000_108323</folderUuid>
        <dataStoreEntityCompositeUuid>78bf4f7d-dc3d-4b7e-8626-0eaedac61a52@_a-0000dfe5-aeef-8000-5130-010000010000_108867</dataStoreEntityCompositeUuid>
        <params>
            <param>
                <description></description>
                <name>user</name>
                <type>{http://www.w3.org/2001/XMLSchema}int</type>
            </param>
        </params>
        <filters>
            <filter>
                <field>
                    <name>employeeID</name>
                    <type>{http://www.w3.org/2001/XMLSchema}int</type>
                </field>
                <op>=</op>
                <value>user</value>
                <valueType>PARAMETER</valueType>
            </filter>
        </filters>
        <orderings/>
    </queryRule>
    <roleMap public="false">
        <role inherit="true" allowForAll="false" name="readers">
            <users/>
            <groups/>
        </role>
        <role inherit="true" allowForAll="false" name="authors">
            <users/>
            <groups/>
        </role>
        <role inherit="true" allowForAll="false" name="administrators">
            <users/>
            <groups/>
        </role>
        <role inherit="false" allowForAll="false" name="denyReaders">
            <users/>
            <groups/>
        </role>
        <role inherit="false" allowForAll="false" name="denyAuthors">
            <users/>
            <groups/>
        </role>
        <role inherit="false" allowForAll="false" name="denyAdministrators">
            <users/>
            <groups/>
        </role>
    </roleMap>
    <history>
        <historyInfo versionUuid="_a-0000e008-511e-8000-5130-010000010000_154661"/>
    </history>
</contentHaul>
